{
    "key": "group_5fd0bccc99d2e",
    "title": "Available Works",
    "fields": [
        {
            "key": "field_5fd0bcf07b0ff",
            "label": "Ajouter une nouvelle oeuvre disponible",
            "name": "add_a_new_available_work",
            "type": "repeater",
            "instructions": "Ajouter une nouvelle oeuvre disponible",
            "required": 1,
            "conditional_logic": 0,
            "wrapper": {
                "width": "",
                "class": "",
                "id": ""
            },
            "collapsed": "field_5fd0bd126ab6e",
            "min": 0,
            "max": 0,
            "layout": "block",
            "button_label": "Ajouter une nouvelle oeuvre",
            "sub_fields": [
                {
                    "key": "field_5fd0bd126ab6e",
                    "label": "Image",
                    "name": "image",
                    "type": "image",
                    "instructions": "",
                    "required": 0,
                    "conditional_logic": 0,
                    "wrapper": {
                        "width": "100",
                        "class": "",
                        "id": ""
                    },
                    "return_format": "id",
                    "preview_size": "medium",
                    "library": "all",
                    "min_width": "",
                    "min_height": "",
                    "min_size": "",
                    "max_width": "",
                    "max_height": "",
                    "max_size": "",
                    "mime_types": ""
                },
                {
                    "key": "field_5fd0bd2a6ab6f",
                    "label": "Artist name",
                    "name": "artist_name",
                    "type": "relationship",
                    "instructions": "",
                    "required": 0,
                    "conditional_logic": 0,
                    "wrapper": {
                        "width": "50",
                        "class": "",
                        "id": ""
                    },
                    "post_type": [
                        "artiste"
                    ],
                    "taxonomy": "",
                    "filters": [
                        "post_type"
                    ],
                    "elements": "",
                    "min": "",
                    "max": "",
                    "return_format": "object"
                },
                {
                    "key": "field_5fd0bd4d6ab70",
                    "label": "Title of the work",
                    "name": "title_of_the_work",
                    "type": "text",
                    "instructions": "",
                    "required": 0,
                    "conditional_logic": 0,
                    "wrapper": {
                        "width": "50",
                        "class": "",
                        "id": ""
                    },
                    "default_value": "",
                    "placeholder": "",
                    "prepend": "",
                    "append": "",
                    "maxlength": ""
                },
                {
                    "key": "field_5fd0bd6940915",
                    "label": "Catégory of the work",
                    "name": "category_of_the_work",
                    "type": "text",
                    "instructions": "",
                    "required": 0,
                    "conditional_logic": 0,
                    "wrapper": {
                        "width": "50",
                        "class": "",
                        "id": ""
                    },
                    "default_value": "",
                    "placeholder": "",
                    "prepend": "",
                    "append": "",
                    "maxlength": ""
                },
                {
                    "key": "field_5fd0bd7540916",
                    "label": "Date of the work",
                    "name": "date_of_the_work",
                    "type": "text",
                    "instructions": "",
                    "required": 0,
                    "conditional_logic": 0,
                    "wrapper": {
                        "width": "50",
                        "class": "",
                        "id": ""
                    },
                    "default_value": "",
                    "placeholder": "",
                    "prepend": "",
                    "append": "",
                    "maxlength": ""
                }
            ]
        }
    ],
    "location": [
        [
            {
                "param": "page_template",
                "operator": "==",
                "value": "page-available-works.php"
            }
        ]
    ],
    "menu_order": 0,
    "position": "acf_after_title",
    "style": "seamless",
    "label_placement": "top",
    "instruction_placement": "field",
    "hide_on_screen": [
        "permalink",
        "the_content",
        "excerpt",
        "discussion",
        "comments",
        "revisions",
        "slug",
        "author",
        "format",
        "page_attributes",
        "featured_image",
        "categories",
        "tags",
        "send-trackbacks"
    ],
    "active": true,
    "description": "",
    "modified": 1609338290
}